x,y,layer1,layer2,voltage1,voltage2,current
62.7839,1152.22,TOP_LAYER,BOTTOM_LAYER,0.108101,0.108217,-0.0345072
62.7839,1172.22,TOP_LAYER,BOTTOM_LAYER,0.108101,0.108168,-0.0198217
62.7839,1192.22,TOP_LAYER,BOTTOM_LAYER,0.108101,0.108168,-0.0198217
62.7839,1212.22,TOP_LAYER,BOTTOM_LAYER,0.108017,0.108124,-0.0321492
77.8844,3184.8,TOP_LAYER,BOTTOM_LAYER,0.111358,0.111358,9.19941e-07
92.7839,1152.22,TOP_LAYER,BOTTOM_LAYER,0.108101,0.108235,-0.0398916
92.7839,1172.22,TOP_LAYER,BOTTOM_LAYER,0.108101,0.108184,-0.0247748
92.7839,1192.22,TOP_LAYER,BOTTOM_LAYER,0.108101,0.108184,-0.0247748
92.7839,1212.22,TOP_LAYER,BOTTOM_LAYER,0.108017,0.108142,-0.037461
101.209,95.6413,TOP_LAYER,BOTTOM_LAYER,0.104447,0.10454,-0.0278184
101.209,292.492,TOP_LAYER,BOTTOM_LAYER,0.103712,0.10391,-0.0589012
101.209,489.342,TOP_LAYER,BOTTOM_LAYER,0.101918,0.102502,-0.174626
101.209,1867.29,TOP_LAYER,BOTTOM_LAYER,0.106189,0.106301,-0.0334723
101.209,1965.72,TOP_LAYER,BOTTOM_LAYER,0.105748,0.105926,-0.0531208
101.209,2064.15,TOP_LAYER,BOTTOM_LAYER,0.105279,0.105233,0.0138156
101.209,2162.57,TOP_LAYER,BOTTOM_LAYER,0.104327,0.1046,-0.0815835
101.209,2261,TOP_LAYER,BOTTOM_LAYER,0.103456,0.103558,-0.0306289
101.209,2359.42,TOP_LAYER,BOTTOM_LAYER,0.102589,0.103192,-0.180362
102.68,3124.94,TOP_LAYER,BOTTOM_LAYER,0.111358,0.111358,2.57927e-06
102.68,3244.66,TOP_LAYER,BOTTOM_LAYER,0.111358,0.111358,5.37753e-07
122.784,1152.22,TOP_LAYER,BOTTOM_LAYER,0.108101,0.108273,-0.051303
122.784,1172.22,TOP_LAYER,BOTTOM_LAYER,0.108101,0.108222,-0.0360624
122.784,1192.22,TOP_LAYER,BOTTOM_LAYER,0.108101,0.108222,-0.0360624
122.784,1212.22,TOP_LAYER,BOTTOM_LAYER,0.108017,0.10818,-0.0487683
150.422,194.067,TOP_LAYER,BOTTOM_LAYER,0.104206,0.104333,-0.0379132
150.422,390.917,TOP_LAYER,BOTTOM_LAYER,0.102886,0.103231,-0.103135
150.422,1867.29,TOP_LAYER,BOTTOM_LAYER,0.10625,0.106344,-0.0282181
150.422,1965.72,TOP_LAYER,BOTTOM_LAYER,0.105835,0.105984,-0.0446679
150.422,2064.15,TOP_LAYER,BOTTOM_LAYER,0.105377,0.105305,0.0215686
150.422,2162.57,TOP_LAYER,BOTTOM_LAYER,0.104398,0.104653,-0.0763393
150.422,2261,TOP_LAYER,BOTTOM_LAYER,0.103307,0.103043,0.0789212
162.53,3100.15,TOP_LAYER,BOTTOM_LAYER,0.111358,0.111358,1.42289e-06
200.113,3147.22,TOP_LAYER,BOTTOM_LAYER,0.111358,0.111358,-7.91268e-07
162.53,3269.45,TOP_LAYER,BOTTOM_LAYER,0.111358,0.111358,-2.40402e-07
194.531,575.118,TOP_LAYER,BOTTOM_LAYER,0.0980771,0.10007,-4.17807
194.531,771.969,TOP_LAYER,BOTTOM_LAYER,33.8881,33.8863,3.80879
194.531,2306.97,TOP_LAYER,BOTTOM_LAYER,0.1,0.102089,-4.37962
194.531,2503.82,TOP_LAYER,BOTTOM_LAYER,33.89,33.8882,3.74531
199.634,95.6413,TOP_LAYER,BOTTOM_LAYER,0.104778,0.104853,-0.0225378
199.634,292.492,TOP_LAYER,BOTTOM_LAYER,0.104164,0.104296,-0.0392885
199.634,489.342,TOP_LAYER,BOTTOM_LAYER,0.102055,0.102707,-0.195036
199.634,1867.29,TOP_LAYER,BOTTOM_LAYER,0.106331,0.106487,-0.0467224
199.634,1965.72,TOP_LAYER,BOTTOM_LAYER,0.105947,0.106175,-0.0680872
199.634,2064.15,TOP_LAYER,BOTTOM_LAYER,0.105518,0.105562,-0.013404
199.634,2162.57,TOP_LAYER,BOTTOM_LAYER,0.104548,0.10492,-0.111212
199.634,2261,TOP_LAYER,BOTTOM_LAYER,0.102569,0.103312,-0.222399
222.38,3124.94,TOP_LAYER,BOTTOM_LAYER,0.111358,0.111358,-1.69788e-06
222.38,3244.66,TOP_LAYER,BOTTOM_LAYER,0.111358,0.111358,-7.01762e-07
247.176,3184.8,TOP_LAYER,BOTTOM_LAYER,0.111358,0.111358,-2.02854e-06
248.847,194.067,TOP_LAYER,BOTTOM_LAYER,0.104689,0.104776,-0.0258799
248.847,390.917,TOP_LAYER,BOTTOM_LAYER,0.103738,0.103821,-0.0247814
248.847,1867.29,TOP_LAYER,BOTTOM_LAYER,0.106544,0.106593,-0.014838
248.847,1965.72,TOP_LAYER,BOTTOM_LAYER,0.106234,0.106317,-0.024903
248.847,2064.15,TOP_LAYER,BOTTOM_LAYER,0.105891,0.105771,0.0359234
248.847,2162.57,TOP_LAYER,BOTTOM_LAYER,0.104832,0.105155,-0.0965708
298.059,95.6413,TOP_LAYER,BOTTOM_LAYER,0.105121,0.105184,-0.0187378
298.059,292.492,TOP_LAYER,BOTTOM_LAYER,0.104653,0.104747,-0.0279448
298.059,1867.29,TOP_LAYER,BOTTOM_LAYER,0.106684,0.106718,-0.0101371
298.059,1965.72,TOP_LAYER,BOTTOM_LAYER,0.106415,0.10648,-0.0194665
298.059,2064.15,TOP_LAYER,BOTTOM_LAYER,0.106119,0.106018,0.0299796
347.272,194.067,TOP_LAYER,BOTTOM_LAYER,0.105138,0.105209,-0.0213486
347.272,390.917,TOP_LAYER,BOTTOM_LAYER,0.104564,0.104671,-0.0319762
347.272,1867.29,TOP_LAYER,BOTTOM_LAYER,0.106842,0.106859,-0.00509862
347.272,1965.72,TOP_LAYER,BOTTOM_LAYER,0.106615,0.106661,-0.0138623
347.272,2064.15,TOP_LAYER,BOTTOM_LAYER,0.106375,0.106291,0.0251577
396.485,95.6413,TOP_LAYER,BOTTOM_LAYER,0.105781,0.10583,-0.0144819
396.485,292.492,TOP_LAYER,BOTTOM_LAYER,0.105512,0.105598,-0.0257436
396.485,1867.29,TOP_LAYER,BOTTOM_LAYER,0.107019,0.107184,-0.0493416
396.485,1965.72,TOP_LAYER,BOTTOM_LAYER,0.106831,0.107053,-0.0664653
396.485,2064.15,TOP_LAYER,BOTTOM_LAYER,0.106647,0.106842,-0.0582623
445.697,194.067,TOP_LAYER,BOTTOM_LAYER,0.10591,0.105979,-0.0206605
445.697,390.917,TOP_LAYER,BOTTOM_LAYER,0.105674,0.105793,-0.0354582
445.697,1867.29,TOP_LAYER,BOTTOM_LAYER,0.107384,0.107381,0.000979699
445.697,1965.72,TOP_LAYER,BOTTOM_LAYER,0.107251,0.107278,-0.00804936
445.697,2064.15,TOP_LAYER,BOTTOM_LAYER,0.107136,0.107125,0.00321062
478.658,756.665,TOP_LAYER,BOTTOM_LAYER,33.8828,33.8829,-0.0261449
478.658,771.665,TOP_LAYER,BOTTOM_LAYER,33.8828,33.8829,-0.0261449
478.658,786.665,TOP_LAYER,BOTTOM_LAYER,33.883,33.883,-0.00546349
478.658,801.665,TOP_LAYER,BOTTOM_LAYER,33.883,33.883,-0.00546349
478.658,816.665,TOP_LAYER,BOTTOM_LAYER,33.883,33.883,-0.00546349
478.658,831.665,TOP_LAYER,BOTTOM_LAYER,33.8831,33.8831,0.00926337
478.658,846.665,TOP_LAYER,BOTTOM_LAYER,33.8831,33.8831,0.00926337
478.658,2491.66,TOP_LAYER,BOTTOM_LAYER,33.8842,33.8843,-0.025991
478.658,2506.66,TOP_LAYER,BOTTOM_LAYER,33.8842,33.8843,-0.025991
478.658,2521.66,TOP_LAYER,BOTTOM_LAYER,33.8844,33.8844,-0.00777494
478.658,2536.66,TOP_LAYER,BOTTOM_LAYER,33.8844,33.8844,-0.00777494
478.658,2551.66,TOP_LAYER,BOTTOM_LAYER,33.8845,33.8844,0.0264676
478.658,2566.66,TOP_LAYER,BOTTOM_LAYER,33.8845,33.8845,0.00164515
478.658,2581.66,TOP_LAYER,BOTTOM_LAYER,33.8845,33.8845,0.00164515
493.658,756.665,TOP_LAYER,BOTTOM_LAYER,33.8828,33.8827,0.0368918
493.658,771.665,TOP_LAYER,BOTTOM_LAYER,33.8828,33.8827,0.0368918
493.658,786.665,TOP_LAYER,BOTTOM_LAYER,33.883,33.8828,0.05164
493.658,801.665,TOP_LAYER,BOTTOM_LAYER,33.883,33.8828,0.05164
493.658,816.665,TOP_LAYER,BOTTOM_LAYER,33.883,33.8828,0.05164
493.658,831.665,TOP_LAYER,BOTTOM_LAYER,33.8831,33.8829,0.0637873
493.658,846.665,TOP_LAYER,BOTTOM_LAYER,33.8831,33.8829,0.0637873
493.658,2491.66,TOP_LAYER,BOTTOM_LAYER,33.8842,33.8841,0.0361601
493.658,2506.66,TOP_LAYER,BOTTOM_LAYER,33.8842,33.8841,0.0361601
493.658,2521.66,TOP_LAYER,BOTTOM_LAYER,33.8844,33.8842,0.0468407
493.658,2536.66,TOP_LAYER,BOTTOM_LAYER,33.8844,33.8842,0.0468407
493.658,2551.66,TOP_LAYER,BOTTOM_LAYER,33.8845,33.8842,0.0810833
493.658,2566.66,TOP_LAYER,BOTTOM_LAYER,33.8845,33.8843,0.0554596
493.658,2581.66,TOP_LAYER,BOTTOM_LAYER,33.8845,33.8843,0.0554596
494.91,95.6413,TOP_LAYER,BOTTOM_LAYER,0.106289,0.106327,-0.0112263
494.91,292.492,TOP_LAYER,BOTTOM_LAYER,0.106083,0.106189,-0.0318683
494.91,1867.29,TOP_LAYER,BOTTOM_LAYER,0.107584,0.107584,0.000272964
494.91,1965.72,TOP_LAYER,BOTTOM_LAYER,0.10747,0.107503,-0.0100321
494.91,2064.15,TOP_LAYER,BOTTOM_LAYER,0.107374,0.107394,-0.00607707
508.658,756.665,TOP_LAYER,BOTTOM_LAYER,33.8825,33.8827,-0.0403034
508.658,771.665,TOP_LAYER,BOTTOM_LAYER,33.8825,33.8827,-0.0403034
508.658,786.665,TOP_LAYER,BOTTOM_LAYER,33.8828,33.8828,-0.0155164
508.658,801.665,TOP_LAYER,BOTTOM_LAYER,33.8828,33.8828,-0.0155164
508.658,816.665,TOP_LAYER,BOTTOM_LAYER,33.8828,33.8828,-0.0155164
508.658,831.665,TOP_LAYER,BOTTOM_LAYER,33.8829,33.8829,-0.00513198
508.658,846.665,TOP_LAYER,BOTTOM_LAYER,33.8829,33.8829,-0.00513198
508.658,2491.66,TOP_LAYER,BOTTOM_LAYER,33.8839,33.8841,-0.0418926
508.658,2506.66,TOP_LAYER,BOTTOM_LAYER,33.8839,33.8841,-0.0418926
508.658,2521.66,TOP_LAYER,BOTTOM_LAYER,33.8842,33.8842,-0.0220126
508.658,2536.66,TOP_LAYER,BOTTOM_LAYER,33.8842,33.8842,-0.0220126
508.658,2551.66,TOP_LAYER,BOTTOM_LAYER,33.8843,33.8842,0.0152085
508.658,2566.66,TOP_LAYER,BOTTOM_LAYER,33.8843,33.8843,-0.0104152
508.658,2581.66,TOP_LAYER,BOTTOM_LAYER,33.8843,33.8843,-0.0104152
523.658,756.665,TOP_LAYER,BOTTOM_LAYER,33.8825,33.8827,-0.0403034
523.658,771.665,TOP_LAYER,BOTTOM_LAYER,33.8825,33.8827,-0.0403034
523.658,786.665,TOP_LAYER,BOTTOM_LAYER,33.8828,33.8828,-0.0155164
523.658,801.665,TOP_LAYER,BOTTOM_LAYER,33.8828,33.8828,-0.0155164
523.658,816.665,TOP_LAYER,BOTTOM_LAYER,33.8828,33.8828,-0.0155164
523.658,831.665,TOP_LAYER,BOTTOM_LAYER,33.8829,33.8829,-0.00513198
523.658,846.665,TOP_LAYER,BOTTOM_LAYER,33.8829,33.8829,-0.00513198
523.658,2491.66,TOP_LAYER,BOTTOM_LAYER,33.8839,33.8841,-0.0418926
523.658,2506.66,TOP_LAYER,BOTTOM_LAYER,33.8839,33.8841,-0.0418926
523.658,2521.66,TOP_LAYER,BOTTOM_LAYER,33.8842,33.8842,-0.0220126
523.658,2536.66,TOP_LAYER,BOTTOM_LAYER,33.8842,33.8842,-0.0220126
523.658,2551.66,TOP_LAYER,BOTTOM_LAYER,33.8843,33.8842,0.0152085
523.658,2566.66,TOP_LAYER,BOTTOM_LAYER,33.8843,33.8843,-0.0104152
523.658,2581.66,TOP_LAYER,BOTTOM_LAYER,33.8843,33.8843,-0.0104152
556.753,593.57,TOP_LAYER,BOTTOM_LAYER,33.8796,33.881,-3.53006
538.658,756.665,TOP_LAYER,BOTTOM_LAYER,33.8823,33.8825,-0.0463367
538.658,771.665,TOP_LAYER,BOTTOM_LAYER,33.8823,33.8825,-0.0463367
538.658,786.665,TOP_LAYER,BOTTOM_LAYER,33.8826,33.8826,-0.018603
538.658,801.665,TOP_LAYER,BOTTOM_LAYER,33.8826,33.8826,-0.018603
538.658,816.665,TOP_LAYER,BOTTOM_LAYER,33.8826,33.8826,-0.018603
538.658,831.665,TOP_LAYER,BOTTOM_LAYER,33.8827,33.8827,-0.00984774
538.658,846.665,TOP_LAYER,BOTTOM_LAYER,33.8827,33.8827,-0.00984774
556.753,1455.77,TOP_LAYER,BOTTOM_LAYER,33.8296,33.8277,4.53937
556.753,2328.57,TOP_LAYER,BOTTOM_LAYER,33.881,33.8825,-3.49924
538.658,2491.66,TOP_LAYER,BOTTOM_LAYER,33.8837,33.8839,-0.0484253
538.658,2506.66,TOP_LAYER,BOTTOM_LAYER,33.8837,33.8839,-0.0484253
538.658,2521.66,TOP_LAYER,BOTTOM_LAYER,33.884,33.8841,-0.0248647
538.658,2536.66,TOP_LAYER,BOTTOM_LAYER,33.884,33.8841,-0.0248647
538.658,2551.66,TOP_LAYER,BOTTOM_LAYER,33.8841,33.8841,0.0135303
538.658,2566.66,TOP_LAYER,BOTTOM_LAYER,33.8841,33.8841,-0.0156778
538.658,2581.66,TOP_LAYER,BOTTOM_LAYER,33.8841,33.8841,-0.0156778
556.753,3190.77,TOP_LAYER,BOTTOM_LAYER,33.831,33.8292,4.54016
544.122,194.067,TOP_LAYER,BOTTOM_LAYER,0.106447,0.10653,-0.0248121
544.122,390.917,TOP_LAYER,BOTTOM_LAYER,0.106263,0.106445,-0.0546329
544.122,1867.29,TOP_LAYER,BOTTOM_LAYER,0.107794,0.107793,0.00047059
544.122,1965.72,TOP_LAYER,BOTTOM_LAYER,0.107689,0.107729,-0.0120466
544.122,2064.15,TOP_LAYER,BOTTOM_LAYER,0.107605,0.107655,-0.0150768
553.658,756.665,TOP_LAYER,BOTTOM_LAYER,33.8823,33.8825,-0.0463367
553.658,771.665,TOP_LAYER,BOTTOM_LAYER,33.8823,33.8825,-0.0463367
553.658,786.665,TOP_LAYER,BOTTOM_LAYER,33.8826,33.8826,-0.018603
553.658,801.665,TOP_LAYER,BOTTOM_LAYER,33.8826,33.8826,-0.018603
553.658,816.665,TOP_LAYER,BOTTOM_LAYER,33.8826,33.8826,-0.018603
553.658,831.665,TOP_LAYER,BOTTOM_LAYER,33.8827,33.8827,-0.00984774
553.658,846.665,TOP_LAYER,BOTTOM_LAYER,33.8827,33.8827,-0.00984774
553.658,2491.66,TOP_LAYER,BOTTOM_LAYER,33.8837,33.8839,-0.0484253
553.658,2506.66,TOP_LAYER,BOTTOM_LAYER,33.8837,33.8839,-0.0484253
553.658,2521.66,TOP_LAYER,BOTTOM_LAYER,33.884,33.8841,-0.0248647
553.658,2536.66,TOP_LAYER,BOTTOM_LAYER,33.884,33.8841,-0.0248647
553.658,2551.66,TOP_LAYER,BOTTOM_LAYER,33.8841,33.8841,0.0135303
553.658,2566.66,TOP_LAYER,BOTTOM_LAYER,33.8841,33.8841,-0.0156778
553.658,2581.66,TOP_LAYER,BOTTOM_LAYER,33.8841,33.8841,-0.0156778
568.658,756.665,TOP_LAYER,BOTTOM_LAYER,33.8823,33.8824,-0.0214387
568.658,771.665,TOP_LAYER,BOTTOM_LAYER,33.8823,33.8824,-0.0214387
568.658,786.665,TOP_LAYER,BOTTOM_LAYER,33.8826,33.8825,0.00860835
568.658,801.665,TOP_LAYER,BOTTOM_LAYER,33.8826,33.8825,0.00860835
568.658,816.665,TOP_LAYER,BOTTOM_LAYER,33.8826,33.8825,0.00860835
568.658,831.665,TOP_LAYER,BOTTOM_LAYER,33.8827,33.8826,0.0216973
568.658,846.665,TOP_LAYER,BOTTOM_LAYER,33.8827,33.8826,0.0216973
568.658,2491.66,TOP_LAYER,BOTTOM_LAYER,33.8837,33.8838,-0.0236908
568.658,2506.66,TOP_LAYER,BOTTOM_LAYER,33.8837,33.8838,-0.0236908
568.658,2521.66,TOP_LAYER,BOTTOM_LAYER,33.884,33.884,0.00297546
568.658,2536.66,TOP_LAYER,BOTTOM_LAYER,33.884,33.884,0.00297546
568.658,2551.66,TOP_LAYER,BOTTOM_LAYER,33.8841,33.884,0.0413704
568.658,2566.66,TOP_LAYER,BOTTOM_LAYER,33.8841,33.8841,0.0147209
568.658,2581.66,TOP_LAYER,BOTTOM_LAYER,33.8841,33.8841,0.0147209
593.335,95.6413,TOP_LAYER,BOTTOM_LAYER,0.106847,0.107123,-0.0824621
593.335,292.492,TOP_LAYER,BOTTOM_LAYER,0.106631,0.107069,-0.130728
593.335,1867.29,TOP_LAYER,BOTTOM_LAYER,0.108016,0.108219,-0.0608468
593.335,1965.72,TOP_LAYER,BOTTOM_LAYER,0.10791,0.108174,-0.0788237
593.335,2064.15,TOP_LAYER,BOTTOM_LAYER,0.10783,0.108157,-0.0976333
642.548,194.067,TOP_LAYER,BOTTOM_LAYER,0.10724,0.107374,-0.0401306
642.548,390.917,TOP_LAYER,BOTTOM_LAYER,0.106981,0.107435,-0.135442
642.548,1867.29,TOP_LAYER,BOTTOM_LAYER,0.108446,0.108456,-0.00292574
642.548,1965.72,TOP_LAYER,BOTTOM_LAYER,0.108306,0.108411,-0.0312632
642.548,2064.15,TOP_LAYER,BOTTOM_LAYER,0.108207,0.108422,-0.0642358
691.76,95.6413,TOP_LAYER,BOTTOM_LAYER,0.107727,0.107717,0.0031659
691.76,292.492,TOP_LAYER,BOTTOM_LAYER,0.107314,0.107689,-0.112076
691.76,1867.29,TOP_LAYER,BOTTOM_LAYER,0.108678,0.108692,-0.00435814
691.76,1965.72,TOP_LAYER,BOTTOM_LAYER,0.108499,0.108641,-0.0422541
691.76,2064.15,TOP_LAYER,BOTTOM_LAYER,0.108373,0.108691,-0.0948047
740.973,194.067,TOP_LAYER,BOTTOM_LAYER,0.107768,0.108152,-0.115066
740.973,981.468,TOP_LAYER,BOTTOM_LAYER,0.110322,0.109955,0.109584
740.973,1178.32,TOP_LAYER,BOTTOM_LAYER,0.110037,0.109735,0.0902777
740.973,1867.29,TOP_LAYER,BOTTOM_LAYER,0.108923,0.108935,-0.00364676
740.973,1965.72,TOP_LAYER,BOTTOM_LAYER,0.108683,0.109045,-0.108007
740.973,2064.15,TOP_LAYER,BOTTOM_LAYER,0.108498,0.108971,-0.14136
740.973,2753.12,TOP_LAYER,BOTTOM_LAYER,0.111339,0.111352,-0.00398806
740.973,2851.55,TOP_LAYER,BOTTOM_LAYER,0.111349,0.111357,-0.00239197
740.973,2949.97,TOP_LAYER,BOTTOM_LAYER,0.111357,0.111359,-0.000777538
790.185,95.6413,TOP_LAYER,BOTTOM_LAYER,0.108438,0.108671,-0.0695753
790.185,292.492,TOP_LAYER,BOTTOM_LAYER,0.1079,0.10864,-0.221289
790.185,883.043,TOP_LAYER,BOTTOM_LAYER,0.110393,0.110309,0.0248809
790.185,1276.74,TOP_LAYER,BOTTOM_LAYER,0.10999,0.109853,0.0409234
790.185,2162.57,TOP_LAYER,BOTTOM_LAYER,0.11024,0.109786,0.135668
790.185,2556.27,TOP_LAYER,BOTTOM_LAYER,0.111281,0.11132,-0.0116358
790.185,2654.7,TOP_LAYER,BOTTOM_LAYER,0.111316,0.111344,-0.00862451
790.185,2753.12,TOP_LAYER,BOTTOM_LAYER,0.111339,0.111352,-0.00405113
790.185,3048.4,TOP_LAYER,BOTTOM_LAYER,0.111359,0.111361,-0.000798593
820.311,1939.69,TOP_LAYER,BOTTOM_LAYER,0.109038,0.109282,-0.433346
821.185,204.137,TOP_LAYER,BOTTOM_LAYER,0.108274,0.108481,-0.366881
838.658,456.665,TOP_LAYER,BOTTOM_LAYER,0.110368,0.109615,0.225184
838.658,2191.66,TOP_LAYER,BOTTOM_LAYER,0.110599,0.110441,0.0474769
839.398,784.618,TOP_LAYER,BOTTOM_LAYER,0.110432,0.110385,0.0140254
839.398,981.468,TOP_LAYER,BOTTOM_LAYER,0.110408,0.110195,0.0637714
839.398,1178.32,TOP_LAYER,BOTTOM_LAYER,0.110001,0.109967,0.0101088
839.398,2162.57,TOP_LAYER,BOTTOM_LAYER,0.110634,0.110147,0.145395
839.398,2556.27,TOP_LAYER,BOTTOM_LAYER,0.111303,0.111329,-0.00781512
839.398,2654.7,TOP_LAYER,BOTTOM_LAYER,0.111326,0.111347,-0.00614108
839.398,2753.12,TOP_LAYER,BOTTOM_LAYER,0.111343,0.111355,-0.00336471
839.398,2949.97,TOP_LAYER,BOTTOM_LAYER,0.111359,0.111363,-0.000980146
839.398,3048.4,TOP_LAYER,BOTTOM_LAYER,0.111359,0.111362,-0.000951676
888.611,883.043,TOP_LAYER,BOTTOM_LAYER,0.110467,0.110383,0.0251096
888.611,1867.29,TOP_LAYER,BOTTOM_LAYER,0.110196,0.110089,0.0321063
888.611,2162.57,TOP_LAYER,BOTTOM_LAYER,0.110696,0.11042,0.0826405
888.611,2556.27,TOP_LAYER,BOTTOM_LAYER,0.111316,0.11134,-0.00699609
888.611,2654.7,TOP_LAYER,BOTTOM_LAYER,0.111335,0.111352,-0.00526141
888.611,2753.12,TOP_LAYER,BOTTOM_LAYER,0.111348,0.111358,-0.00309669
937.823,784.618,TOP_LAYER,BOTTOM_LAYER,0.110511,0.110521,-0.00297569
937.823,981.468,TOP_LAYER,BOTTOM_LAYER,0.110486,0.110386,0.0298423
937.823,1867.29,TOP_LAYER,BOTTOM_LAYER,0.110577,0.110729,-0.0454486
937.823,2064.15,TOP_LAYER,BOTTOM_LAYER,0.110667,0.110647,0.00601685
937.823,2162.57,TOP_LAYER,BOTTOM_LAYER,0.110776,0.110778,-0.000777131
937.823,2556.27,TOP_LAYER,BOTTOM_LAYER,0.11133,0.111362,-0.00965968
937.823,2654.7,TOP_LAYER,BOTTOM_LAYER,0.111343,0.111366,-0.00682562
937.823,2753.12,TOP_LAYER,BOTTOM_LAYER,0.111354,0.111369,-0.00450597
942.784,1227.22,TOP_LAYER,BOTTOM_LAYER,0.110052,0.110112,-0.0180174
942.784,2962.22,TOP_LAYER,BOTTOM_LAYER,0.111366,0.111368,-0.000642986
977.784,500.824,TOP_LAYER,BOTTOM_LAYER,0.110634,0.11054,0.0279599
977.784,2235.82,TOP_LAYER,BOTTOM_LAYER,0.11114,0.111065,0.0225013
987.036,95.6413,TOP_LAYER,BOTTOM_LAYER,0.110732,0.110695,0.0112302
987.036,292.492,TOP_LAYER,BOTTOM_LAYER,0.110446,0.110353,0.0275785
987.036,883.043,TOP_LAYER,BOTTOM_LAYER,0.110548,0.110547,0.000154097
987.036,2064.15,TOP_LAYER,BOTTOM_LAYER,0.11071,0.110843,-0.0398331
987.036,2162.57,TOP_LAYER,BOTTOM_LAYER,0.110942,0.11094,0.000403143
987.036,2556.27,TOP_LAYER,BOTTOM_LAYER,0.111353,0.111374,-0.00626914
987.036,2654.7,TOP_LAYER,BOTTOM_LAYER,0.111361,0.111375,-0.00419366
987.036,2753.12,TOP_LAYER,BOTTOM_LAYER,0.111366,0.111376,-0.00281479
1022.48,500.824,TOP_LAYER,BOTTOM_LAYER,0.110698,0.110697,0.000388114
1022.48,2235.82,TOP_LAYER,BOTTOM_LAYER,0.111191,0.111189,0.000772919
1036.25,390.917,TOP_LAYER,BOTTOM_LAYER,0.110795,0.110633,0.0484543
1036.25,784.618,TOP_LAYER,BOTTOM_LAYER,0.110643,0.110653,-0.00310283
1036.25,981.468,TOP_LAYER,BOTTOM_LAYER,0.110601,0.110521,0.0237301
1036.25,2064.15,TOP_LAYER,BOTTOM_LAYER,0.111102,0.111046,0.016503
1036.25,2162.57,TOP_LAYER,BOTTOM_LAYER,0.111012,0.111092,-0.0241269
1036.25,2556.27,TOP_LAYER,BOTTOM_LAYER,0.111366,0.111388,-0.00663011
1036.25,2654.7,TOP_LAYER,BOTTOM_LAYER,0.111371,0.111385,-0.00431763
1036.25,2753.12,TOP_LAYER,BOTTOM_LAYER,0.111373,0.111383,-0.00305757
1053.66,691.665,TOP_LAYER,BOTTOM_LAYER,0.110625,0.110786,-0.0480718
1053.66,2426.66,TOP_LAYER,BOTTOM_LAYER,0.111337,0.111268,0.0209092
1062.78,500.824,TOP_LAYER,BOTTOM_LAYER,0.110764,0.110859,-0.028348
1062.78,2235.82,TOP_LAYER,BOTTOM_LAYER,0.111246,0.111324,-0.0232742
1065.31,748.294,TOP_LAYER,BOTTOM_LAYER,0.110662,0.110728,-0.019941
1065.31,2483.29,TOP_LAYER,BOTTOM_LAYER,0.111371,0.1114,-0.0087903
1073.66,776.665,TOP_LAYER,BOTTOM_LAYER,0.110683,0.110729,-0.0136567
1073.66,2511.66,TOP_LAYER,BOTTOM_LAYER,0.111373,0.111405,-0.0096314
1085.46,292.492,TOP_LAYER,BOTTOM_LAYER,0.110938,0.110883,0.0165552
1085.46,883.043,TOP_LAYER,BOTTOM_LAYER,0.110689,0.110692,-0.000680738
1085.46,1867.29,TOP_LAYER,BOTTOM_LAYER,0.112032,0.111763,0.0805306
1085.46,2064.15,TOP_LAYER,BOTTOM_LAYER,0.111118,0.111214,-0.0287528
1085.46,2162.57,TOP_LAYER,BOTTOM_LAYER,0.11106,0.111239,-0.0536111
1085.46,2556.27,TOP_LAYER,BOTTOM_LAYER,0.111378,0.111403,-0.00744777
1085.46,2654.7,TOP_LAYER,BOTTOM_LAYER,0.11138,0.111396,-0.00482169
1085.46,2753.12,TOP_LAYER,BOTTOM_LAYER,0.111379,0.111392,-0.00365783
1103.66,581.665,TOP_LAYER,BOTTOM_LAYER,0.110991,0.110991,2.65556e-13
1103.66,2316.66,TOP_LAYER,BOTTOM_LAYER,0.111406,0.111461,-0.0163133
1134.67,390.917,TOP_LAYER,BOTTOM_LAYER,0.110848,0.110943,-0.02829
1134.67,981.468,TOP_LAYER,BOTTOM_LAYER,0.110671,0.110748,-0.0230504
1134.67,1867.29,TOP_LAYER,BOTTOM_LAYER,0.11244,0.112463,-0.00693938
1134.67,2064.15,TOP_LAYER,BOTTOM_LAYER,0.112013,0.111384,0.188111
1134.67,2556.27,TOP_LAYER,BOTTOM_LAYER,0.111392,0.11144,-0.0144336
1134.67,2654.7,TOP_LAYER,BOTTOM_LAYER,0.111389,0.111419,-0.00911305
1134.67,2753.12,TOP_LAYER,BOTTOM_LAYER,0.111385,0.11141,-0.00749593
1143.66,431.665,TOP_LAYER,BOTTOM_LAYER,0.110894,0.1111,-0.0615387
1143.66,1441.66,TOP_LAYER,BOTTOM_LAYER,33.8172,33.8174,-0.0438932
1143.66,1456.66,TOP_LAYER,BOTTOM_LAYER,33.8172,33.8174,-0.0438932
1143.66,1471.66,TOP_LAYER,BOTTOM_LAYER,33.8175,33.8176,-0.0137732
1143.66,1486.66,TOP_LAYER,BOTTOM_LAYER,33.8175,33.8176,-0.0137732
1143.66,1501.66,TOP_LAYER,BOTTOM_LAYER,33.8175,33.8176,-0.0137732
1143.66,1516.66,TOP_LAYER,BOTTOM_LAYER,33.8177,33.8177,-0.0063577
1143.66,1531.66,TOP_LAYER,BOTTOM_LAYER,33.8177,33.8177,-0.0063577
1143.66,2166.66,TOP_LAYER,BOTTOM_LAYER,0.111191,0.11154,-0.104548
1143.66,3176.66,TOP_LAYER,BOTTOM_LAYER,33.8186,33.8187,-0.0447571
1143.66,3191.66,TOP_LAYER,BOTTOM_LAYER,33.8186,33.8187,-0.0447571
1143.66,3206.66,TOP_LAYER,BOTTOM_LAYER,33.8189,33.8189,-0.0140855
1143.66,3221.66,TOP_LAYER,BOTTOM_LAYER,33.8189,33.8189,-0.0140855
1143.66,3236.66,TOP_LAYER,BOTTOM_LAYER,33.8189,33.8189,-0.0140855
1143.66,3251.66,TOP_LAYER,BOTTOM_LAYER,33.8191,33.8191,-0.00655274
1143.66,3266.66,TOP_LAYER,BOTTOM_LAYER,33.8191,33.8191,-0.00655274
1158.66,1441.66,TOP_LAYER,BOTTOM_LAYER,33.8172,33.8174,-0.0438932
1158.66,1456.66,TOP_LAYER,BOTTOM_LAYER,33.8172,33.8174,-0.0438932
1158.66,1471.66,TOP_LAYER,BOTTOM_LAYER,33.8175,33.8176,-0.0137732
1158.66,1486.66,TOP_LAYER,BOTTOM_LAYER,33.8175,33.8176,-0.0137732
1158.66,1501.66,TOP_LAYER,BOTTOM_LAYER,33.8175,33.8176,-0.0137732
1158.66,1516.66,TOP_LAYER,BOTTOM_LAYER,33.8177,33.8177,-0.0063577
1158.66,1531.66,TOP_LAYER,BOTTOM_LAYER,33.8177,33.8177,-0.0063577
1158.66,3176.66,TOP_LAYER,BOTTOM_LAYER,33.8186,33.8187,-0.0447571
1158.66,3191.66,TOP_LAYER,BOTTOM_LAYER,33.8186,33.8187,-0.0447571
1158.66,3206.66,TOP_LAYER,BOTTOM_LAYER,33.8189,33.8189,-0.0140855
1158.66,3221.66,TOP_LAYER,BOTTOM_LAYER,33.8189,33.8189,-0.0140855
1158.66,3236.66,TOP_LAYER,BOTTOM_LAYER,33.8189,33.8189,-0.0140855
1158.66,3251.66,TOP_LAYER,BOTTOM_LAYER,33.8191,33.8191,-0.00655274
1158.66,3266.66,TOP_LAYER,BOTTOM_LAYER,33.8191,33.8191,-0.00655274
1173.66,1441.66,TOP_LAYER,BOTTOM_LAYER,33.8169,33.817,-0.0451683
1173.66,1456.66,TOP_LAYER,BOTTOM_LAYER,33.8169,33.817,-0.0451683
1173.66,1471.66,TOP_LAYER,BOTTOM_LAYER,33.8173,33.8173,-0.0115023
1173.66,1486.66,TOP_LAYER,BOTTOM_LAYER,33.8173,33.8173,-0.0115023
1173.66,1501.66,TOP_LAYER,BOTTOM_LAYER,33.8173,33.8173,-0.0115023
1173.66,1516.66,TOP_LAYER,BOTTOM_LAYER,33.8175,33.8175,-0.0055415
1173.66,1531.66,TOP_LAYER,BOTTOM_LAYER,33.8175,33.8175,-0.0055415
1173.66,3176.66,TOP_LAYER,BOTTOM_LAYER,33.8182,33.8184,-0.0463341
1173.66,3191.66,TOP_LAYER,BOTTOM_LAYER,33.8182,33.8184,-0.0463341
1173.66,3206.66,TOP_LAYER,BOTTOM_LAYER,33.8186,33.8186,-0.0118834
1173.66,3221.66,TOP_LAYER,BOTTOM_LAYER,33.8186,33.8186,-0.0118834
1173.66,3236.66,TOP_LAYER,BOTTOM_LAYER,33.8186,33.8186,-0.0118834
1173.66,3251.66,TOP_LAYER,BOTTOM_LAYER,33.8188,33.8188,-0.00578423
1173.66,3266.66,TOP_LAYER,BOTTOM_LAYER,33.8188,33.8188,-0.00578423
1178.66,491.665,TOP_LAYER,BOTTOM_LAYER,0.111549,0.111594,-0.0135044
1178.66,531.665,TOP_LAYER,BOTTOM_LAYER,0.111523,0.111426,0.0291209
1178.66,571.665,TOP_LAYER,BOTTOM_LAYER,0.111485,0.111309,0.0526468
1178.66,2226.66,TOP_LAYER,BOTTOM_LAYER,0.112022,0.111905,0.0349227
1178.66,2266.66,TOP_LAYER,BOTTOM_LAYER,0.112002,0.111783,0.0657108
1178.66,2306.66,TOP_LAYER,BOTTOM_LAYER,0.111953,0.111695,0.0772151
1183.89,95.6413,TOP_LAYER,BOTTOM_LAYER,0.11319,0.112967,0.0667685
1183.89,292.492,TOP_LAYER,BOTTOM_LAYER,0.112564,0.112188,0.112658
1183.89,883.043,TOP_LAYER,BOTTOM_LAYER,0.110841,0.110942,-0.0301592
1183.89,2556.27,TOP_LAYER,BOTTOM_LAYER,0.111426,0.111461,-0.0102172
1183.89,2654.7,TOP_LAYER,BOTTOM_LAYER,0.111395,0.111432,-0.0111262
1183.89,2753.12,TOP_LAYER,BOTTOM_LAYER,0.111389,0.111422,-0.00995271
1188.66,1441.66,TOP_LAYER,BOTTOM_LAYER,33.8169,33.817,-0.0451683
1188.66,1456.66,TOP_LAYER,BOTTOM_LAYER,33.8169,33.817,-0.0451683
1188.66,1471.66,TOP_LAYER,BOTTOM_LAYER,33.8173,33.8173,-0.0115023
1188.66,1486.66,TOP_LAYER,BOTTOM_LAYER,33.8173,33.8173,-0.0115023
1188.66,1501.66,TOP_LAYER,BOTTOM_LAYER,33.8173,33.8173,-0.0115023
1188.66,1516.66,TOP_LAYER,BOTTOM_LAYER,33.8175,33.8175,-0.0055415
1188.66,1531.66,TOP_LAYER,BOTTOM_LAYER,33.8175,33.8175,-0.0055415
1188.66,3176.66,TOP_LAYER,BOTTOM_LAYER,33.8182,33.8184,-0.0463341
1188.66,3191.66,TOP_LAYER,BOTTOM_LAYER,33.8182,33.8184,-0.0463341
1188.66,3206.66,TOP_LAYER,BOTTOM_LAYER,33.8186,33.8186,-0.0118834
1188.66,3221.66,TOP_LAYER,BOTTOM_LAYER,33.8186,33.8186,-0.0118834
1188.66,3236.66,TOP_LAYER,BOTTOM_LAYER,33.8186,33.8186,-0.0118834
1188.66,3251.66,TOP_LAYER,BOTTOM_LAYER,33.8188,33.8188,-0.00578423
1188.66,3266.66,TOP_LAYER,BOTTOM_LAYER,33.8188,33.8188,-0.00578423
1203.66,1441.66,TOP_LAYER,BOTTOM_LAYER,33.8169,33.817,-0.0451683
1203.66,1456.66,TOP_LAYER,BOTTOM_LAYER,33.8169,33.817,-0.0451683
1203.66,1471.66,TOP_LAYER,BOTTOM_LAYER,33.8173,33.8173,-0.0115023
1203.66,1486.66,TOP_LAYER,BOTTOM_LAYER,33.8173,33.8173,-0.0115023
1203.66,1501.66,TOP_LAYER,BOTTOM_LAYER,33.8173,33.8173,-0.0115023
1203.66,1516.66,TOP_LAYER,BOTTOM_LAYER,33.8175,33.8175,-0.0055415
1203.66,1531.66,TOP_LAYER,BOTTOM_LAYER,33.8175,33.8175,-0.0055415
1203.66,3176.66,TOP_LAYER,BOTTOM_LAYER,33.8182,33.8184,-0.0463341
1203.66,3191.66,TOP_LAYER,BOTTOM_LAYER,33.8182,33.8184,-0.0463341
1203.66,3206.66,TOP_LAYER,BOTTOM_LAYER,33.8186,33.8186,-0.0118834
1203.66,3221.66,TOP_LAYER,BOTTOM_LAYER,33.8186,33.8186,-0.0118834
1203.66,3236.66,TOP_LAYER,BOTTOM_LAYER,33.8186,33.8186,-0.0118834
1203.66,3251.66,TOP_LAYER,BOTTOM_LAYER,33.8188,33.8188,-0.00578423
1203.66,3266.66,TOP_LAYER,BOTTOM_LAYER,33.8188,33.8188,-0.00578423
1218.66,491.665,TOP_LAYER,BOTTOM_LAYER,0.111567,0.111819,-0.0753575
1218.66,531.665,TOP_LAYER,BOTTOM_LAYER,0.111535,0.111546,-0.00319682
1218.66,571.665,TOP_LAYER,BOTTOM_LAYER,0.111509,0.111397,0.0334362
1218.66,1441.66,TOP_LAYER,BOTTOM_LAYER,33.8166,33.8169,-0.065667
1218.66,1456.66,TOP_LAYER,BOTTOM_LAYER,33.8166,33.8169,-0.065667
1218.66,1471.66,TOP_LAYER,BOTTOM_LAYER,33.8171,33.8171,-0.0202639
1218.66,1486.66,TOP_LAYER,BOTTOM_LAYER,33.8171,33.8171,-0.0202639
1218.66,1501.66,TOP_LAYER,BOTTOM_LAYER,33.8171,33.8171,-0.0202639
1218.66,1516.66,TOP_LAYER,BOTTOM_LAYER,33.8173,33.8173,-0.00951349
1218.66,1531.66,TOP_LAYER,BOTTOM_LAYER,33.8173,33.8173,-0.00951349
1218.66,2226.66,TOP_LAYER,BOTTOM_LAYER,0.112172,0.112005,0.0500622
1218.66,2266.66,TOP_LAYER,BOTTOM_LAYER,0.112064,0.11186,0.061135
1218.66,2306.66,TOP_LAYER,BOTTOM_LAYER,0.111966,0.111756,0.0627931
1218.66,3176.66,TOP_LAYER,BOTTOM_LAYER,33.818,33.8182,-0.0681555
1218.66,3191.66,TOP_LAYER,BOTTOM_LAYER,33.818,33.8182,-0.0681555
1218.66,3206.66,TOP_LAYER,BOTTOM_LAYER,33.8184,33.8184,-0.0212939
1218.66,3221.66,TOP_LAYER,BOTTOM_LAYER,33.8184,33.8184,-0.0212939
1218.66,3236.66,TOP_LAYER,BOTTOM_LAYER,33.8184,33.8184,-0.0212939
1218.66,3251.66,TOP_LAYER,BOTTOM_LAYER,33.8186,33.8186,-0.0100853
1218.66,3266.66,TOP_LAYER,BOTTOM_LAYER,33.8186,33.8186,-0.0100853
1238.92,1191.08,TOP_LAYER,BOTTOM_LAYER,33.763,33.763,9.16114e-11
1238.92,1291.08,TOP_LAYER,BOTTOM_LAYER,33.813,33.8151,-3.42565
1228.66,726.665,TOP_LAYER,BOTTOM_LAYER,0.111091,0.111122,-0.00918698
1228.66,2461.66,TOP_LAYER,BOTTOM_LAYER,0.111473,0.111521,-0.0143831
1239.79,2925.53,TOP_LAYER,BOTTOM_LAYER,33.7644,33.7644,-4.58057e-11
1239.79,3025.53,TOP_LAYER,BOTTOM_LAYER,33.8145,33.8165,-3.39002
1233.66,1441.66,TOP_LAYER,BOTTOM_LAYER,33.8166,33.8169,-0.065667
1233.66,1456.66,TOP_LAYER,BOTTOM_LAYER,33.8166,33.8169,-0.065667
1233.66,1471.66,TOP_LAYER,BOTTOM_LAYER,33.8171,33.8171,-0.0202639
1233.66,1486.66,TOP_LAYER,BOTTOM_LAYER,33.8171,33.8171,-0.0202639
1233.66,1501.66,TOP_LAYER,BOTTOM_LAYER,33.8171,33.8171,-0.0202639
1233.66,1516.66,TOP_LAYER,BOTTOM_LAYER,33.8173,33.8173,-0.00951349
1233.66,1531.66,TOP_LAYER,BOTTOM_LAYER,33.8173,33.8173,-0.00951349
1233.66,3176.66,TOP_LAYER,BOTTOM_LAYER,33.818,33.8182,-0.0681555
1233.66,3191.66,TOP_LAYER,BOTTOM_LAYER,33.818,33.8182,-0.0681555
1233.66,3206.66,TOP_LAYER,BOTTOM_LAYER,33.8184,33.8184,-0.0212939
1233.66,3221.66,TOP_LAYER,BOTTOM_LAYER,33.8184,33.8184,-0.0212939
1233.66,3236.66,TOP_LAYER,BOTTOM_LAYER,33.8184,33.8184,-0.0212939
1233.66,3251.66,TOP_LAYER,BOTTOM_LAYER,33.8186,33.8186,-0.0100853
1233.66,3266.66,TOP_LAYER,BOTTOM_LAYER,33.8186,33.8186,-0.0100853
1242.73,395.289,TOP_LAYER,BOTTOM_LAYER,0.11549,0.113547,0.580882
1242.73,2130.29,TOP_LAYER,BOTTOM_LAYER,0.113882,0.113335,0.163514
1258.66,491.665,TOP_LAYER,BOTTOM_LAYER,0.111581,0.111732,-0.0449087
1258.66,531.665,TOP_LAYER,BOTTOM_LAYER,0.111545,0.111548,-0.000995418
1258.66,571.665,TOP_LAYER,BOTTOM_LAYER,0.111501,0.111424,0.0227589
1258.66,2226.66,TOP_LAYER,BOTTOM_LAYER,0.112096,0.111982,0.0339928
1258.66,2266.66,TOP_LAYER,BOTTOM_LAYER,0.11204,0.111858,0.0544306
1258.66,2306.66,TOP_LAYER,BOTTOM_LAYER,0.111952,0.111769,0.0550113
1282.31,292.492,TOP_LAYER,BOTTOM_LAYER,0.115724,0.113178,0.761113
1282.31,883.043,TOP_LAYER,BOTTOM_LAYER,0.112005,0.111161,0.25242
1282.31,1867.29,TOP_LAYER,BOTTOM_LAYER,0.114007,0.113614,0.117444
1282.31,2556.27,TOP_LAYER,BOTTOM_LAYER,0.111472,0.111493,-0.00651536
1282.31,2654.7,TOP_LAYER,BOTTOM_LAYER,0.111476,0.111459,0.00492938
1282.31,2753.12,TOP_LAYER,BOTTOM_LAYER,0.111473,0.111448,0.00752325
1293.66,436.665,TOP_LAYER,BOTTOM_LAYER,0.35071,0.35071,-2.48959e-13
1293.66,2171.66,TOP_LAYER,BOTTOM_LAYER,0.198927,0.198927,-1.32778e-13
1331.52,981.468,TOP_LAYER,BOTTOM_LAYER,0.112201,0.111305,0.267972
1331.52,1867.29,TOP_LAYER,BOTTOM_LAYER,0.114412,0.114563,-0.0452476
1331.52,2064.15,TOP_LAYER,BOTTOM_LAYER,0.115138,0.11476,0.11329
1331.52,2359.42,TOP_LAYER,BOTTOM_LAYER,0.111574,0.111667,-0.0277147
1331.52,2556.27,TOP_LAYER,BOTTOM_LAYER,0.111482,0.111509,-0.00823864
1331.52,2654.7,TOP_LAYER,BOTTOM_LAYER,0.111478,0.111473,0.00154601
1331.52,2753.12,TOP_LAYER,BOTTOM_LAYER,0.111475,0.111462,0.00388817
1333.66,771.665,TOP_LAYER,BOTTOM_LAYER,0.111952,0.111281,0.20067
1333.66,2506.66,TOP_LAYER,BOTTOM_LAYER,0.111486,0.111531,-0.0132604
1380.74,95.6413,TOP_LAYER,BOTTOM_LAYER,0.115705,0.115366,0.101363
1380.74,292.492,TOP_LAYER,BOTTOM_LAYER,0.116417,0.115936,0.143967
1380.74,883.043,TOP_LAYER,BOTTOM_LAYER,0.112207,0.111348,0.256852
1380.74,1867.29,TOP_LAYER,BOTTOM_LAYER,0.115054,0.114899,0.046496
1380.74,1965.72,TOP_LAYER,BOTTOM_LAYER,0.11545,0.115169,0.0842706
1380.74,2064.15,TOP_LAYER,BOTTOM_LAYER,0.115511,0.115153,0.106958
1380.74,2654.7,TOP_LAYER,BOTTOM_LAYER,0.111482,0.111475,0.00198461
1382.78,1412.22,TOP_LAYER,BOTTOM_LAYER,0.115254,0.115175,0.0236415
1382.78,1457.22,TOP_LAYER,BOTTOM_LAYER,0.11526,0.115212,0.014116
1382.78,1502.22,TOP_LAYER,BOTTOM_LAYER,0.115268,0.115239,0.00868783
1382.78,1547.22,TOP_LAYER,BOTTOM_LAYER,0.115273,0.115254,0.00576123
1382.78,1592.22,TOP_LAYER,BOTTOM_LAYER,0.115271,0.115246,0.00750055
1382.78,1637.22,TOP_LAYER,BOTTOM_LAYER,0.115257,0.115211,0.0140127
1382.78,1682.22,TOP_LAYER,BOTTOM_LAYER,0.115162,0.115132,0.00887751
1382.78,3147.22,TOP_LAYER,BOTTOM_LAYER,0.111486,0.111486,9.6529e-07
1383.66,990.09,TOP_LAYER,BOTTOM_LAYER,0.112293,0.111383,0.272016
1383.66,2725.09,TOP_LAYER,BOTTOM_LAYER,0.111479,0.111465,0.00420841
1427.78,1412.22,TOP_LAYER,BOTTOM_LAYER,0.115257,0.115175,0.0245305
1427.78,1457.22,TOP_LAYER,BOTTOM_LAYER,0.115265,0.115216,0.0146831
1427.78,1502.22,TOP_LAYER,BOTTOM_LAYER,0.115276,0.115245,0.00937747
1427.78,1547.22,TOP_LAYER,BOTTOM_LAYER,0.115287,0.115264,0.00688596
1427.78,1592.22,TOP_LAYER,BOTTOM_LAYER,0.115292,0.115268,0.00714844
1427.78,1637.22,TOP_LAYER,BOTTOM_LAYER,0.11529,0.115248,0.0126543
1427.78,1682.22,TOP_LAYER,BOTTOM_LAYER,0.115254,0.115203,0.0153269
1427.78,3147.22,TOP_LAYER,BOTTOM_LAYER,0.111486,0.111486,1.12274e-06
1429.95,194.067,TOP_LAYER,BOTTOM_LAYER,0.116803,0.116082,0.215448
1429.95,1867.29,TOP_LAYER,BOTTOM_LAYER,0.11531,0.115155,0.0461982
1429.95,1965.72,TOP_LAYER,BOTTOM_LAYER,0.115625,0.115339,0.0855327
1429.95,2064.15,TOP_LAYER,BOTTOM_LAYER,0.115731,0.115399,0.0992574
1443.66,776.665,TOP_LAYER,BOTTOM_LAYER,33.763,33.763,-0
1443.66,2511.66,TOP_LAYER,BOTTOM_LAYER,33.7644,33.7644,-0
1472.78,1412.22,TOP_LAYER,BOTTOM_LAYER,0.115264,0.115176,0.026338
1472.78,1457.22,TOP_LAYER,BOTTOM_LAYER,0.115275,0.115222,0.0159134
1472.78,1502.22,TOP_LAYER,BOTTOM_LAYER,0.115291,0.115256,0.0105438
1472.78,1547.22,TOP_LAYER,BOTTOM_LAYER,0.115309,0.115281,0.00840953
1472.78,1592.22,TOP_LAYER,BOTTOM_LAYER,0.115325,0.115305,0.00619397
1472.78,1637.22,TOP_LAYER,BOTTOM_LAYER,0.115338,0.115303,0.0105974
1472.78,1682.22,TOP_LAYER,BOTTOM_LAYER,0.115357,0.115289,0.020341
1472.78,3147.22,TOP_LAYER,BOTTOM_LAYER,0.111486,0.111486,1.12843e-06
1479.16,95.6413,TOP_LAYER,BOTTOM_LAYER,0.116828,0.116102,0.217065
1479.16,292.492,TOP_LAYER,BOTTOM_LAYER,0.117336,0.116418,0.274581
1479.16,1867.29,TOP_LAYER,BOTTOM_LAYER,0.115543,0.11537,0.0518723
1479.16,1965.72,TOP_LAYER,BOTTOM_LAYER,0.115859,0.115527,0.0992928
1479.16,2064.15,TOP_LAYER,BOTTOM_LAYER,0.115993,0.115625,0.109917
1493.66,990.09,TOP_LAYER,BOTTOM_LAYER,0.112855,0.113908,-0.31492
1493.66,2725.09,TOP_LAYER,BOTTOM_LAYER,0.111485,0.111486,-0.000279227
1517.78,1412.22,TOP_LAYER,BOTTOM_LAYER,0.115274,0.115179,0.0286712
1517.78,1457.22,TOP_LAYER,BOTTOM_LAYER,0.11529,0.11523,0.0177401
1517.78,1502.22,TOP_LAYER,BOTTOM_LAYER,0.115312,0.115271,0.012198
1517.78,1547.22,TOP_LAYER,BOTTOM_LAYER,0.115337,0.115303,0.010294
1517.78,1592.22,TOP_LAYER,BOTTOM_LAYER,0.115365,0.115348,0.00523286
1517.78,1637.22,TOP_LAYER,BOTTOM_LAYER,0.115394,0.115364,0.00886882
1517.78,1682.22,TOP_LAYER,BOTTOM_LAYER,0.115459,0.115376,0.0249208
1517.78,3147.22,TOP_LAYER,BOTTOM_LAYER,0.111486,0.111486,1.10642e-06
1528.37,194.067,TOP_LAYER,BOTTOM_LAYER,0.117481,0.116826,0.195861
1528.37,1375.17,TOP_LAYER,BOTTOM_LAYER,0.115278,0.11511,0.0501817
1528.37,1867.29,TOP_LAYER,BOTTOM_LAYER,0.11597,0.115734,0.0705369
1528.37,1965.72,TOP_LAYER,BOTTOM_LAYER,0.116448,0.115917,0.158621
1528.37,2064.15,TOP_LAYER,BOTTOM_LAYER,0.116639,0.11607,0.170043
1528.37,2753.12,TOP_LAYER,BOTTOM_LAYER,0.111485,0.111486,-0.000198097
1542.1,990.09,TOP_LAYER,BOTTOM_LAYER,0.112991,0.113932,-0.28127
1542.1,2725.09,TOP_LAYER,BOTTOM_LAYER,0.111486,0.111486,-7.34503e-05
1562.78,1412.22,TOP_LAYER,BOTTOM_LAYER,0.115288,0.115182,0.0317039
1562.78,1457.22,TOP_LAYER,BOTTOM_LAYER,0.115308,0.115239,0.020492
1562.78,1502.22,TOP_LAYER,BOTTOM_LAYER,0.115335,0.115287,0.0145456
1562.78,1547.22,TOP_LAYER,BOTTOM_LAYER,0.115369,0.115327,0.0126112
1562.78,1592.22,TOP_LAYER,BOTTOM_LAYER,0.115408,0.115393,0.00454774
1562.78,1637.22,TOP_LAYER,BOTTOM_LAYER,0.115451,0.115425,0.00776279
1562.78,1682.22,TOP_LAYER,BOTTOM_LAYER,0.115555,0.115457,0.0295891
1562.78,3147.22,TOP_LAYER,BOTTOM_LAYER,0.111486,0.111486,1.02359e-06
1577.59,95.6413,TOP_LAYER,BOTTOM_LAYER,0.117492,0.116891,0.179523
1577.59,292.492,TOP_LAYER,BOTTOM_LAYER,0.118157,0.117159,0.298579
1577.59,2064.15,TOP_LAYER,BOTTOM_LAYER,0.117061,0.11628,0.233487
1590.55,990.09,TOP_LAYER,BOTTOM_LAYER,0.113212,0.113973,-0.227665
1590.55,2725.09,TOP_LAYER,BOTTOM_LAYER,0.111486,0.111486,3.77014e-05
1607.78,1412.22,TOP_LAYER,BOTTOM_LAYER,0.115319,0.115192,0.0380455
1607.78,1457.22,TOP_LAYER,BOTTOM_LAYER,0.115343,0.115264,0.0237817
1607.78,1502.22,TOP_LAYER,BOTTOM_LAYER,0.11538,0.115324,0.0167647
1607.78,1547.22,TOP_LAYER,BOTTOM_LAYER,0.115428,0.115378,0.0148723
1607.78,1592.22,TOP_LAYER,BOTTOM_LAYER,0.115487,0.11548,0.00211824
1607.78,1637.22,TOP_LAYER,BOTTOM_LAYER,0.115552,0.115536,0.00462389
1607.78,1682.22,TOP_LAYER,BOTTOM_LAYER,0.115713,0.115598,0.0343238
1607.78,3147.22,TOP_LAYER,BOTTOM_LAYER,0.111486,0.111486,1.28437e-08
1623.66,291.665,TOP_LAYER,BOTTOM_LAYER,0.119493,0.117404,0.624733
1623.66,2026.66,TOP_LAYER,BOTTOM_LAYER,0.117534,0.116436,0.328419
1626.8,194.067,TOP_LAYER,BOTTOM_LAYER,0.118828,0.117314,0.452874
1626.8,1867.29,TOP_LAYER,BOTTOM_LAYER,0.116331,0.116032,0.089183
1626.8,1965.72,TOP_LAYER,BOTTOM_LAYER,0.117271,0.116303,0.289382
1639,990.09,TOP_LAYER,BOTTOM_LAYER,0.113311,0.114019,-0.211665
1639,2725.09,TOP_LAYER,BOTTOM_LAYER,0.111486,0.111486,8.97318e-05
1652.78,1412.22,TOP_LAYER,BOTTOM_LAYER,0.11533,0.115201,0.0386641
1652.78,1457.22,TOP_LAYER,BOTTOM_LAYER,0.115357,0.115278,0.0235318
1652.78,1502.22,TOP_LAYER,BOTTOM_LAYER,0.115398,0.115344,0.0163423
1652.78,1547.22,TOP_LAYER,BOTTOM_LAYER,0.115452,0.115403,0.0146313
1652.78,1592.22,TOP_LAYER,BOTTOM_LAYER,0.115518,0.115517,0.000258075
1652.78,1637.22,TOP_LAYER,BOTTOM_LAYER,0.11559,0.115583,0.00222618
1652.78,1682.22,TOP_LAYER,BOTTOM_LAYER,0.115768,0.115656,0.0335583
1652.78,3147.22,TOP_LAYER,BOTTOM_LAYER,0.111486,0.111486,-3.91722e-07
1676.01,95.6413,TOP_LAYER,BOTTOM_LAYER,0.118216,0.117276,0.281133
1676.01,1867.29,TOP_LAYER,BOTTOM_LAYER,0.116464,0.116141,0.0964389
1676.01,1965.72,TOP_LAYER,BOTTOM_LAYER,0.117862,0.116454,0.420999
1676.01,2064.15,TOP_LAYER,BOTTOM_LAYER,0.118248,0.116611,0.489476
1687.44,990.09,TOP_LAYER,BOTTOM_LAYER,0.113385,0.11406,-0.201926
1687.44,2725.09,TOP_LAYER,BOTTOM_LAYER,0.111487,0.111486,0.000111622
1697.78,1412.22,TOP_LAYER,BOTTOM_LAYER,0.115341,0.115209,0.0395324
1697.78,1457.22,TOP_LAYER,BOTTOM_LAYER,0.115369,0.11529,0.0237611
1697.78,1502.22,TOP_LAYER,BOTTOM_LAYER,0.115414,0.11536,0.0163057
1697.78,1547.22,TOP_LAYER,BOTTOM_LAYER,0.115472,0.115423,0.0145346
1697.78,1592.22,TOP_LAYER,BOTTOM_LAYER,0.115543,0.115548,-0.00145648
1697.78,1637.22,TOP_LAYER,BOTTOM_LAYER,0.11562,0.115621,-0.000180192
1697.78,1682.22,TOP_LAYER,BOTTOM_LAYER,0.115807,0.115702,0.0313009
1697.78,3147.22,TOP_LAYER,BOTTOM_LAYER,0.111486,0.111486,-8.34062e-07
1698.66,261.665,TOP_LAYER,BOTTOM_LAYER,0.120167,0.117687,0.741505
1698.66,1996.66,TOP_LAYER,BOTTOM_LAYER,0.1189,0.116653,0.671999
1725.22,194.067,TOP_LAYER,BOTTOM_LAYER,0.11926,0.117683,0.471454
1725.22,1867.29,TOP_LAYER,BOTTOM_LAYER,0.116575,0.116259,0.0943554
1725.22,1965.72,TOP_LAYER,BOTTOM_LAYER,0.117497,0.116533,0.288164
1735.89,990.09,TOP_LAYER,BOTTOM_LAYER,0.113435,0.114061,-0.186918
1735.89,2725.09,TOP_LAYER,BOTTOM_LAYER,0.111487,0.111486,0.000107126
1742.78,1412.22,TOP_LAYER,BOTTOM_LAYER,0.11535,0.115215,0.0404054
1742.78,1457.22,TOP_LAYER,BOTTOM_LAYER,0.11538,0.115299,0.0241842
1742.78,1502.22,TOP_LAYER,BOTTOM_LAYER,0.115427,0.115372,0.0164423
1742.78,1547.22,TOP_LAYER,BOTTOM_LAYER,0.115487,0.115439,0.0144486
1742.78,1592.22,TOP_LAYER,BOTTOM_LAYER,0.115561,0.115572,-0.00309333
1742.78,1637.22,TOP_LAYER,BOTTOM_LAYER,0.11564,0.11565,-0.0028137
1742.78,1682.22,TOP_LAYER,BOTTOM_LAYER,0.115826,0.115737,0.0264708
1742.78,3147.22,TOP_LAYER,BOTTOM_LAYER,0.111486,0.111486,-1.28283e-06
1773.66,291.665,TOP_LAYER,BOTTOM_LAYER,0.119541,0.117754,0.534264
1773.66,2026.66,TOP_LAYER,BOTTOM_LAYER,0.117804,0.116687,0.33408
1774.44,95.6413,TOP_LAYER,BOTTOM_LAYER,0.118397,0.117551,0.252763
1774.44,1867.29,TOP_LAYER,BOTTOM_LAYER,0.11657,0.116279,0.0871368
1774.44,2064.15,TOP_LAYER,BOTTOM_LAYER,0.117765,0.116713,0.314612
1784.34,990.09,TOP_LAYER,BOTTOM_LAYER,0.113463,0.114066,-0.180501
1784.34,2725.09,TOP_LAYER,BOTTOM_LAYER,0.111487,0.111486,0.000105129
1787.78,1412.22,TOP_LAYER,BOTTOM_LAYER,0.115358,0.115219,0.0413414
1787.78,1457.22,TOP_LAYER,BOTTOM_LAYER,0.115388,0.115305,0.0247935
1787.78,1502.22,TOP_LAYER,BOTTOM_LAYER,0.115436,0.11538,0.0167416
1787.78,1547.22,TOP_LAYER,BOTTOM_LAYER,0.115498,0.11545,0.01441
1787.78,1592.22,TOP_LAYER,BOTTOM_LAYER,0.115573,0.115588,-0.00462783
1787.78,1637.22,TOP_LAYER,BOTTOM_LAYER,0.115652,0.11567,-0.00566098
1787.78,1682.22,TOP_LAYER,BOTTOM_LAYER,0.115824,0.115764,0.0181443
1787.78,3147.22,TOP_LAYER,BOTTOM_LAYER,0.111486,0.111486,-1.40062e-06
1832.78,1412.22,TOP_LAYER,BOTTOM_LAYER,0.115355,0.11522,0.0402632
1832.78,1457.22,TOP_LAYER,BOTTOM_LAYER,0.115388,0.115307,0.0241318
1832.78,1502.22,TOP_LAYER,BOTTOM_LAYER,0.115438,0.115383,0.0162979
1832.78,1547.22,TOP_LAYER,BOTTOM_LAYER,0.115501,0.115455,0.0139407
1832.78,1592.22,TOP_LAYER,BOTTOM_LAYER,0.11558,0.115598,-0.00537415
1832.78,1637.22,TOP_LAYER,BOTTOM_LAYER,0.115658,0.115683,-0.0076159
1832.78,1682.22,TOP_LAYER,BOTTOM_LAYER,0.115814,0.115782,0.0094914
1832.78,3147.22,TOP_LAYER,BOTTOM_LAYER,0.111486,0.111486,-1.45008e-06
1832.78,990.09,TOP_LAYER,BOTTOM_LAYER,0.113483,0.114075,-0.17697
1832.78,2725.09,TOP_LAYER,BOTTOM_LAYER,0.111487,0.111486,9.94648e-05
2029.79,426.081,TOP_LAYER,BOTTOM_LAYER,0.343633,0.349838,-10
2029.79,526.081,TOP_LAYER,BOTTOM_LAYER,0.293623,0.293623,-1.78928e-13
2029.79,1191.08,TOP_LAYER,BOTTOM_LAYER,33.7306,33.7306,3.43543e-11
2029.79,1291.08,TOP_LAYER,BOTTOM_LAYER,0.380384,0.380384,-6.26248e-13
2029.79,2160.53,TOP_LAYER,BOTTOM_LAYER,0.191473,0.197677,-10
2029.79,2260.53,TOP_LAYER,BOTTOM_LAYER,0.141463,0.141463,1.34196e-13
2029.79,2925.53,TOP_LAYER,BOTTOM_LAYER,33.7323,33.7323,4.58057e-11
2029.79,3025.53,TOP_LAYER,BOTTOM_LAYER,0.228355,0.228355,-3.57856e-13
2544.79,326.081,TOP_LAYER,BOTTOM_LAYER,0.292773,0.292773,3.57856e-13
2544.79,426.081,TOP_LAYER,BOTTOM_LAYER,33.6309,33.6309,-1.6032e-10
2544.79,1091.08,TOP_LAYER,BOTTOM_LAYER,33.6571,33.6509,10
2544.79,1191.08,TOP_LAYER,BOTTOM_LAYER,33.7071,33.7071,3.43543e-11
2544.79,2060.53,TOP_LAYER,BOTTOM_LAYER,0.140656,0.140656,8.9464e-14
2544.79,2160.53,TOP_LAYER,BOTTOM_LAYER,33.6342,33.6342,-1.94674e-10
2544.79,2825.53,TOP_LAYER,BOTTOM_LAYER,33.6586,33.6524,10
2544.79,2925.53,TOP_LAYER,BOTTOM_LAYER,33.7086,33.7086,1.14514e-11
3108.51,153.304,TOP_LAYER,BOTTOM_LAYER,0.117546,0.117546,1.28528e-14
3133.3,93.4477,TOP_LAYER,BOTTOM_LAYER,0.117546,0.117546,-1.92792e-14
3133.3,213.161,TOP_LAYER,BOTTOM_LAYER,0.117546,0.117546,-0
3188.03,1106.97,TOP_LAYER,BOTTOM_LAYER,33.6159,33.6207,-10
3188.03,1303.82,TOP_LAYER,BOTTOM_LAYER,0.415091,0.410321,10
3188.03,2846.97,TOP_LAYER,BOTTOM_LAYER,33.6203,33.6251,-10
3188.03,3043.82,TOP_LAYER,BOTTOM_LAYER,0.261524,0.256754,10
3228.21,115.722,TOP_LAYER,BOTTOM_LAYER,0.117546,0.117546,-6.79079e-14
3193.15,68.6588,TOP_LAYER,BOTTOM_LAYER,0.117546,0.117546,-2.57056e-14
3193.15,237.95,TOP_LAYER,BOTTOM_LAYER,0.117546,0.117546,-2.57056e-14
3253,93.4477,TOP_LAYER,BOTTOM_LAYER,0.117546,0.117546,-6.4264e-15
3253,213.161,TOP_LAYER,BOTTOM_LAYER,0.117546,0.117546,-1.92792e-14
3277.8,153.304,TOP_LAYER,BOTTOM_LAYER,0.117546,0.117546,-1.28528e-14
